Station_ID,CBPName,Lat,Lon,Salinity_Class,Water_Quality,Sediment_Quality,Benthics,Assessment_Class,Year,Duplicates,Notes
7CWAI002.57,VA11-001F,37.591567,-75.6381,PH,Fair,Good,Fair,3B,2011,,
7CASG000.06,VA11-002A,37.956583,-75.322917,UH,Fair,Good,Good,2A,2011,,
7CMHC006.30,VA11-003A,37.282167,-75.89885,PH,Fair,Fair,Fair,3B,2011,,
7CCHT002.66,VA11-004C,37.9861,-75.4079,UH,Fair,Good,Good,2A,2011,,
5BBKY000.13,VA11-005C,36.552167,-75.907017,OH,Poor,Good,Good,2A,2011,,
5BBKY005.73,VA11-006B,36.607833,-75.972383,OH,Fair,Fair,Good,2A,2011,,
7CMAG006.85,VA11-007A,37.182,-75.912333,PH,Fair,Good,Fair,2A,2011,,
5BBKY002.53,VA11-008A,36.586117,-75.911717,OH,Poor,Good,Good,2A,2011,,
7CLGB001.74,VA11-009A,37.670583,-75.617533,UH,Fair,Fair,Fair,3B,2011,,
7CCHT001.95,VA11-010A,37.963583,-75.385333,UH,Fair,Good,Poor,2A,2011,,
7CSID003.83,VA11-011B,37.484817,-75.67875,UH,Fair,Poor,Poor,3B,2011,,
5BBKY004.97,VA11-012A,36.589583,-75.974833,OH,Poor,Good,Fair,3B,2011,,
7CCHT004.53,VA11-013A,37.998567,-75.361417,UH,Poor,Fair,Good,2A,2011,,
7CCHT001.31,VA11-014B,37.9668,-75.416033,UH,Fair,Good,Good,2A,2011,,
7CSLP000.38,VA11-015A,37.498833,-75.710217,UH,Poor,Fair,Good,2A,2011,,
3-MUC000.23,VA11-016B,37.740283,-76.620633,MH,Fair,Good,Good,3B,2011,,
7BBAK001.01,VA11-017A,37.104483,-76.30625,PH,Fair,Good,Good,2A,2011,,
7BLKN002.31,VA11-018B,36.8654,-76.0088,PH,Fair,Fair,Poor,3B,2011,,
8-ADA001.65,VA11-019A,37.433033,-76.674467,MH,Poor,Poor,Poor,3B,2011,,
2CCHK004.74,VA11-020A,37.292667,-76.870889,TF,Poor,Fair,Fair,3B,2011,,
1AMON001.00,VA11-021B,38.231111,-76.965444,MH,Poor,Fair,Good,3B,2011,,
7BSTO000.62,VA11-022A,37.448967,-76.269333,MH,Fair,Fair,Poor,3B,2011,,
3-CRR001.61,VA11-023A,37.669133,-76.48015,MH,Fair,Fair,Poor,3B,2011,,
7BSWB001.59,VA11-024D,37.072033,-76.347383,PH,Fair,Fair,Poor,3B,2011,,
7ACHE025.90,VA11-025A,37.395217,-75.984933,MH,Good,Good,Fair,3B,2011,,
3-RPP096.60,VA11-026B,38.242389,-77.293083,TF,Poor,Fair,Fair,2B,2011,,
8-MPN016.38,VA11-027B,37.657183,-76.88015,TF,Fair,Poor,Good,2B,2011,,
2CNAN002.00,VA11-028A,36.886517,-76.480233,MH,Fair,Good,Poor,3B,2011,,
7BEST000.55,VA11-029A,37.374767,-76.3387,MH,Fair,Fair,Fair,3B,2011,,
1AGLB001.40,VA11-030A,37.9898,-76.494467,MH,Fair,Fair,Poor,3B,2011,,
7BHUN000.81,VA11-031C,37.79445,-75.715317,MH,Fair,Good,Fair,3B,2011,,
2DAPP003.27,VA11-032A,37.309117,-77.327,TF,Poor,Fair,Good,2B,2011,,
7BBCA000.27,VA11-033A,37.207133,-76.42145,PH,Fair,Fair,Poor,3B,2011,,
7BPNK003.14,VA11-034A,37.50665,-76.350617,MH,Fair,Good,Poor,5A,2011,,
7BPNK020.26,VA11-035A,37.5582,-76.55615,MH,Poor,Fair,Fair,3B,2011,,
2CDSC003.11,VA11-036B,37.399944,-76.895333,TF,Fair,Good,Good,2A,2011,,
1AAUA002.04,VA11-037A,38.408528,-77.336639,TF,Poor,Fair,Good,2A,2011,,
3-RPP004.51,VA11-038A,37.610817,-76.357483,MH,Fair,Good,Fair,3B,2011,,
7BGWR006.15,VA11-039A,37.860547,-76.377317,MH,Poor,Fair,Poor,3B,2011,,
2CWBE000.70,VA11-040A,36.857533,-76.3491,PH,Poor,Poor,Poor,5A,2011,,
7BOCN001.14,VA11-041B,37.726933,-75.817983,MH,Fair,Good,Good,2A,2011,,
7BINN001.73,VA11-042A,37.811681,-76.3042,MH,Fair,Good,Fair,3B,2011,,
7BPKS001.55,VA11-043A,37.948667,-75.6772,MH,Poor,Fair,Fair,3B,2011,,
2CNAN000.69,VA11-044A,36.90185,-76.457017,MH,Fair,Good,Good,2A,2011,,
7BWTT000.02,VA11-045A,37.322894,-76.430933,PH,Fair,Fair,Good,3B,2011,,
1ACUR002.58,VA11-046A,38.161633,-76.77035,MH,Fair,Fair,Poor,3B,2011,,
1ALIS002.81,VA11-047A,37.887617,-76.282117,MH,Fair,Fair,Poor,3B,2011,,
2CLAF004.35,VA11-048B,36.885283,-76.2743,PH,Poor,Poor,Fair,3B,2011,,
7BSEN000.04,VA11-049A,37.321867,-76.452033,PH,Poor,Fair,Fair,3B,2011,,
7BPUN000.26,VA11-050B,37.671,-75.859467,MH,Fair,Good,Good,2B,2011,,
5BBKY005.83,VA12-001A,36.60495,-75.979767,OH,Fair,Good,Good,2A,2012,,
7CCHT005.48,VA12-002D,38.001767,-75.336333,UH,Good,Good,Good,2A,2012,,
7CCHT003.50,VA12-003B,37.964767,-75.355417,UH,Fair,Good,Good,2A,2012,,
7CCHT004.55,VA12-004D,38.004167,-75.367117,UH,Fair,Fair,Good,2A,2012,,
5BBKY004.85,VA12-005A,36.61315,-75.941217,OH,Fair,Good,Good,2A,2012,,
7CUPS001.67,VA12-006B,37.5493,-75.73215,UH,Poor,Fair,Poor,3B,2012,,
7CCHI001.29,VA12-007C,37.912167,-75.4055,UH,Fair,Good,Fair,2A,2012,,
7CCHT006.52,VA12-008E,37.9997,-75.31025,UH,Fair,Good,Good,2A,2012,,
5BBKY007.97,VA12-009A,36.655317,-75.966933,OH,Poor,Fair,Fair,3B,2012,,
7CQSC002.02,VA12-010E,37.943833,-75.416967,UH,Fair,Good,Poor,3B,2012,,
7CCHT002.35,VA12-011A,37.950467,-75.360533,UH,Fair,Good,Good,2A,2012,,
7CMHC006.62,VA12-012A,37.286683,-75.896283,UH,Fair,Good,Good,2A,2012,,
5BBKY000.86,VA12-013A,36.561817,-75.910983,OH,Poor,Good,Good,2A,2012,,
7CCHT005.29,VA12-014A,37.989983,-75.340833,UH,Fair,Good,Good,2A,2012,,
5BSHB000.70,VA12-015B,36.683467,-75.953067,OH,Fair,Fair,Good,2A,2012,,
2CUCK003.62,VA12-016A,37.223183,-77.015483,TF,Poor,Fair,Good,2A,2012,,
7BBAK002.03,VA12-017D,37.10615,-76.332133,PH,Fair,Good,Fair,3B,2012,,
3-WEE000.38,VA12-018A,37.6968,-76.597617,MH,Fair,Fair,Fair,3B,2012,,
7BWCO000.66,VA12-019A,37.849533,-76.319167,MH,Fair,Good,Fair,3B,2012,,
2CBKR000.23,VA12-020A,37.209017,-76.737667,MH,Fair,Fair,Poor,3B,2012,,
1AAUA004.62,VA12-021A,38.433083,-77.361,TF,Fair,Fair,Good,2B,2012,,
7BGWR012.24,VA12-022B,37.8755,-76.43205,MH,Fair,Fair,Poor,3B,2012,,
7BPNK000.76,VA12-023A,37.527633,-76.30345,PH,Good,Good,Good,2A,2012,,
2CWBE004.37,VA12-024B,36.82925,-76.394633,MH,Poor,Poor,Fair,3B,2012,,
7BHUN000.17,VA12-025A,37.7936,-75.720883,PH,Fair,Good,Good,2A,2012,,
1ACOA002.52,VA12-026A,37.969617,-76.461717,MH,Fair,Fair,Poor,3B,2012,,
7BOLD000.12,VA12-027A,37.36095,-76.444033,PH,Fair,Good,Fair,3B,2012,,
7BLYN001.53,VA12-028A,36.89005,-76.0772,PH,Fair,Good,Good,2A,2012,,
8-PMK021.55,VA12-029A,37.538867,-76.945517,TF,Fair,Fair,Good,2A,2012,,
3-CRR003.04,VA12-030B,37.688633,-76.473583,PH,Fair,Fair,Poor,3B,2012,,
7BCSX000.14,VA12-031B,37.757817,-75.803833,PH,Fair,Good,Good,2A,2012,,
2CCHK019.81,VA12-032A,37.394783,-76.918983,TF,Fair,Poor,Good,2B,2012,,
7BBAK002.94,VA12-033A,37.0944,-76.337917,PH,Fair,Fair,Poor,3B,2012,,
3-CTM000.88,VA12-034A,37.706967,-76.462933,MH,Good,Fair,Poor,3B,2012,,
7BHAH002.19,VA12-035A,37.3607,-76.292967,PH,Fair,Good,Good,2A,2012,,
2CELI002.83,VA12-036A,36.893,-76.325317,PH,Fair,Fair,Good,2A,2012,,
1APOM001.96,VA12-037C,38.34225,-77.320167,OH,Poor,Poor,Good,3B,2012,,
3-OCC003.14,VA12-038A,38.0486,-76.937317,OH,Poor,Good,Good,2A,2012,,
7BPNK000.75,VA12-039A,37.538483,-76.319667,PH,Good,Fair,Fair,3B,2012,,
2CELI005.00,VA12-040A,36.86775,-76.321167,PH,Fair,Good,Good,2A,2012,,
7BTHF001.58,VA12-041A,37.80245,-75.723667,PH,Fair,Good,Good,2A,2012,,
1ALOI000.27,VA12-042A,38.03085,-76.568017,MH,Fair,Fair,Poor,3B,2012,,
7BMJB008.09,VA12-043A,37.37155,-76.405417,PH,Good,Good,Poor,3B,2012,,
7BBEN000.65,VA12-044A,37.15375,-76.376317,PH,Fair,Good,Good,2A,2012,,
8-PMK017.90,VA12-045A,37.569017,-76.9089,OH,Fair,Fair,Poor,5A,2012,,
7BDYM000.01,VA12-046A,37.661167,-76.333633,MH,Fair,Good,Poor,3B,2012,,
7BDEP000.11,VA12-047B,37.7914,-75.752033,PH,Fair,Good,Good,2A,2012,,
2CRIC000.41,VA12-048B,36.9358,-76.4963,MH,Fair,Poor,Poor,3B,2012,,
2CNAN017.59,VA12-049A,36.751583,-76.57595,TF,Fair,Poor,Good,2B,2012,,
3-JAC000.02,VA12-050A,37.651567,-76.4185,MH,Fair,Poor,Good,2B,2012,,
5BNTH000.58,VA13-001B,36.711833,-75.952017,OH,Poor,Fair,Good,2A,2013,,
7CMAG003.68,VA13-002E,37.17495,-75.920817,UH,Fair,Good,Good,2B,2013,,
7CQSC001.23,VA13-003A,37.93115,-75.415967,UH,Fair,Fair,Poor,3B,2013,,
7CCHT004.00,VA13-004A,37.993083,-75.36905,UH,Fair,Good,Good,2A,2013,,
7CEKC000.20,VA13-005A,37.3097,-75.814583,UH,Fair,Good,Poor,3B,2013,,
7CMAG001.24,VA13-006B,37.12975,-75.917367,UH,Fair,Good,Poor,3B,2013,,
7CMSQ000.65,VA13-007A,37.947917,-75.437967,UH,Fair,Good,Good,2A,2013,,
5BBKY007.70,VA13-008A,36.6513,-75.9615,OH,Fair,Good,Good,2A,2013,,
7CMAC001.86,VA13-009A,37.485467,-75.7975,UH,Poor,Fair,Poor,3B,2013,,
7CSID002.98,VA13-010A,37.5065,-75.71685,UH,Fair,Fair,Good,2A,2013,,
7CCHT003.62,VA13-011A,37.964717,-75.353617,UH,Fair,Good,Good,2A,2013,,
5BBKY003.11,VA13-012A,36.58575,-75.941167,OH,Poor,Fair,Good,2A,2013,,
7CSSC006.36,VA13-013A,37.289667,-75.8947,UH,Fair,Good,Good,2A,2013,,
7CQSC000.88,VA13-014C,37.926417,-75.414028,UH,Fair,Good,Fair,2A,2013,,
7CCHT005.63,VA13-015A,37.987767,-75.325833,UH,Fair,Fair,Good,2A,2013,,
7BNSS004.49,VA13-016C,37.50045,-75.905667,PH,Fair,Fair,Fair,3B,2013,,
7BJAR000.30,VA13-017A,37.718517,-76.317083,MH,Fair,Fair,Poor,3B,2013,,
3-LGG000.95,VA13-018A,37.669117,-76.591767,MH,Fair,Fair,Good,2A,2013,,
8-POP000.58,VA13-019A,37.301333,-76.5516,PH,Fair,Fair,Fair,2A,2013,,
7BOCN001.89,VA13-020A,37.7277,-75.805133,PH,Fair,Fair,Fair,3B,2013,,
7BOLC000.00,VA13-021A,37.8578,-75.693367,MH,Fair,Good,Good,2A,2013,,
8-PMK026.69,VA13-022B,37.575267,-76.9616,TF,Fair,Poor,Good,2B,2013,,
7BWHH000.58,VA13-023B,37.1413,-76.380483,PH,Fair,Fair,Good,3B,2013,,
7BWAR002.85,VA13-024A,37.362467,-76.44715,PH,Fair,Good,Good,2A,2013,,
1ALOW002.18,VA13-025B,38.128417,-76.63985,MH,Fair,Good,Poor,5A,2013,,
1AOCC001.04,VA13-026A,38.624161,-77.233867,TF,Fair,Fair,Good,2B,2013,,
2CLAF001.07,VA13-027B,36.907133,-76.315217,PH,Fair,Good,Good,2A,2013,,
3-XID000.16,VA13-028A,37.556433,-76.316917,MH,Fair,Fair,Fair,3B,2013,,
1ALOW000.66,VA13-029A,38.146133,-76.656333,MH,Fair,Fair,Poor,3B,2013,,
3-RPP097.39,VA13-030A,38.241867,-77.296917,TF,Fair,Poor,Good,2B,2013,,
2CSBE003.65,VA13-031B,36.793167,-76.300867,PH,Fair,Poor,Fair,5A,2013,,
7BCRS000.89,VA13-032B,37.299983,-76.0131,PH,Fair,Good,Fair,2A,2013,,
7BDIV002.38,VA13-033A,37.756367,-76.334817,MH,Good,Good,Fair,3B,2013,,
8-MPN026.57,VA13-034A,37.708967,-76.9898,TF,Fair,Poor,Fair,3B,2013,,
2CCHK015.28,VA13-035A,37.37335,-76.898433,TF,Fair,Poor,Good,2B,2013,,
7BOCH004.67,VA13-036E,37.5517,-75.860867,MH,Fair,Fair,Fair,3B,2013,,
7BHUN001.08,VA13-037B,37.791817,-75.711333,MH,Fair,Good,Good,2A,2013,,
7BPNK016.89,VA13-038A,37.553467,-76.530267,OH,Fair,Poor,Fair,5A,2013,,
2CWWK002.14,VA13-039A,37.099233,-76.558733,MH,Fair,Fair,Fair,3B,2013,,
7BWIN002.93,VA13-040A,37.395283,-76.256483,PH,Poor,Good,Good,2A,2013,,
1AYEO001.04,VA13-041A,38.0356,-76.53665,MH,Fair,Fair,Poor,3B,2013,,
1AACC000.52,VA13-042B,38.356383,-77.300017,TF,Fair,Fair,Good,2B,2013,,
2CNAN000.58,VA13-043A,36.906633,-76.476683,MH,Fair,Good,Good,2A,2013,,
7BPNK009.04,VA13-044A,37.514033,-76.412567,MH,Fair,Poor,Poor,3B,2013,,
7BGWR005.15,VA13-045A,37.851383,-76.366567,MH,Good,Fair,Poor,3B,2013,,
2CTHD002.54,VA13-046C,37.268933,-76.91885,TF,Poor,Poor,Good,2B,2013,,
2CEBE002.33,VA13-047C,36.837333,-76.253483,PH,Poor,Fair,Good,2B,2013,,
7ACHE056.80,VA13-048D,37.812767,-75.748,PH,Fair,Good,Good,2A,2013,,
7AINN001.66,VA13-049A,37.811567,-76.30025,PH,Good,Fair,Fair,3B,2013,,
8-PMK016.95,VA13-050A,37.55855,-76.902667,TF,Fair,Fair,Good,3B,2013,,
5BBKY002.42,VA14-001A,36.574017,-75.931167,OH,Fair,Good,Good,2A,2014,,
7CFII000.64,VA14-002E,37.118,-75.9665,UH,Fair,Good,Good,2A,2014,,
7CMAG000.74,VA14-003B,37.123167,-75.915333,UH,Fair,Good,Fair,3B,2014,,
7CCHT001.90,VA14-004E,37.951167,-75.366167,UH,Fair,Good,Good,2A,2014,,
5BBKY004.73,VA14-005A,36.622833,-75.959,OH,Poor,Good,Good,2A,2014,,
7CGMI003.58,VA14-006A,37.389333,-75.761167,UH,Fair,Good,Poor,3B,2014,,
7CSHC000.13,VA14-007A,37.762667,-75.552,UH,Fair,Good,Good,2A,2014,,
7CCHT004.21,VA14-008A,37.9775,-75.352167,UH,Good,Good,Good,2A,2014,,
5BBKY004.38,VA14-009A,36.603667,-75.950333,OH,Poor,Good,Fair,3B,2014,,
7CUPS000.67,VA14-010C,37.531167,-75.7255,UH,Fair,Good,Good,2A,2014,,
7CCHT006.22,VA14-011D,37.990667,-75.318333,UH,Good,Fair,Good,2A,2014,,
7CCHT001.75,VA14-012A,37.970667,-75.423833,UH,Fair,Fair,Poor,3B,2014,,
5BBKY005.37,VA14-013A,36.587367,-75.981833,OH,Fair,Good,Good,2A,2014,,
7CMHC006.82,VA14-014A,37.288333,-75.898333,UH,Fair,Good,Good,2A,2014,,
7CCUH000.62,VA14-015A,37.618683,-75.665017,UH,Fair,Fair,Fair,3B,2014,,
5BNLR003.87,VA14-016A,36.596,-76.060333,OH,Poor,Good,Good,2A,2014,,
7CMAG002.57,VA14-017B,37.1465,-75.912167,UH,Fair,Good,Good,2A,2014,,
7BXEX000.09,VA14-018A,37.765967,-76.3171,MH,Fair,Good,Poor,3B,2014,,
1ALOW003.10,VA14-019A,38.116583,-76.63865,MH,Fair,Fair,Fair,3B,2014,,
2CCHK006.68,VA14-020A,37.3193,-76.870817,TF,Fair,Fair,Good,2B,2014,,
3-RPP092.71,VA14-021A,38.2517,-77.251383,TF,Fair,Fair,Good,2A,2014,,
7BSTT000.20,VA14-022A,37.460033,-76.261533,MH,Fair,Good,Good,2A,2014,,
8-MPN028.78,VA14-023A,37.720967,-77.018233,TF,Fair,Fair,Good,2B,2014,,
8-WOR000.72,VA14-024A,37.207167,-76.468833,PH,Fair,Fair,Poor,3B,2014,,
7BCTT000.91,VA14-025A,37.882167,-75.6845,MH,Fair,Good,Good,2A,2014,,
7BBLL000.24,VA14-026A,37.45915,-76.285617,MH,Fair,Fair,Fair,3B,2014,,
3-MTT000.30,VA14-027A,37.806733,-76.638267,MH,Fair,Good,Fair,3B,2014,,
2CJOG003.01,VA14-028A,36.969167,-76.574,MH,Fair,Fair,Fair,3B,2014,,
7BFLB001.85,VA14-029A,37.655,-76.322383,MH,Good,Good,Good,2A,2014,,
7BPNK010.38,VA14-030A,37.520733,-76.43385,MH,Fair,Fair,Good,3B,2014,,
7BPNK015.25,VA14-031A,37.54845,-76.503233,MH,Fair,Fair,Fair,3B,2014,,
5BNLR003.44,VA14-032A,36.594,-76.053,OH,Poor,Fair,Good,2A,2014,,
7BWES000.27,VA14-033B,36.892467,-76.100367,PH,Fair,Good,Good,2A,2014,,
7BBCE001.01,VA14-034C,37.633167,-75.882333,MH,Fair,Fair,Good,3B,2014,,
1ASOV000.89,VA14-035A,38.012683,-76.543417,MH,Fair,Good,Fair,3B,2014,,
2CUCK000.87,VA14-036A,37.242233,-76.987333,TF,Poor,Fair,Good,2A,2014,,
1APOW000.27,VA14-037A,38.587167,-77.2526,TF,Fair,Fair,Good,2A,2014,,
7BXFA000.12,VA14-038A,37.409083,-76.3946,PH,Fair,Good,Good,2A,2014,,
8-PMK031.27,VA14-039A,37.56295,-76.991683,TF,Fair,Fair,Good,2A,2014,,
7BNWB000.82,VA14-040A,37.104667,-76.350833,PH,Fair,Poor,Fair,3B,2014,,
7BDEP000.86,VA14-041A,37.784517,-75.742033,MH,Good,Good,Good,2A,2014,,
7BMLF000.65,VA14-042A,37.477117,-76.28,MH,Fair,Good,Good,2A,2014,,
3-CTO005.64,VA14-043A,37.750617,-76.4963,MH,Fair,Fair,Poor,3B,2014,,
2CWBE000.00,VA14-044C,36.859967,-76.331083,PH,Fair,Good,Good,2A,2014,,
7BXEZ000.04,VA14-045A,37.701933,-76.354217,MH,Poor,Good,Fair,3B,2014,,
7BCRS003.57,VA14-046A,37.318167,-75.997167,PH,Fair,Fair,Fair,3B,2014,,
8-MPN002.32,VA14-047A,37.548183,-76.7766,OH,Poor,Fair,Fair,3B,2014,,
2CTFR000.62,VA14-048A,37.210333,-76.7405,MH,Fair,Fair,Poor,3B,2014,,
7BBBY002.67,VA14-049B,36.904833,-76.038667,PH,Fair,Good,Good,2A,2014,,
7BOCN004.86,VA14-050A,37.7105,-75.7575,MH,Fair,Fair,Good,2A,2014,,
5BSHB000.91,VA15-0001A,36.68385,-75.949867,OH,Poor,Fair,Poor,3B,2015,,
5BNTH001.45,VA15-0002A,36.710917,-75.96365,OH,Poor,Fair,Fair,3B,2015,,
7CRMN000.24,VA15-0003A,37.399167,-75.81835,UH,Fair,Fair,Poor,3B,2015,,
7CCHT006.46,VA15-0004A,38.01385,-75.330683,UH,Fair,Good,Good,2A,2015,,
5BBKY007.42,VA15-0005A,36.62385,-75.963633,OH,Poor,Good,Good,2A,2015,,
7CEKC000.20,VA15-0006A,37.3097,-75.814583,UH,Fair,Good,Poor,3B,2015,,
7CASB001.40,VA15-0007B,37.962667,-75.321867,PH,Fair,Fair,Good,3B,2015,,
7CCHT001.13,VA15-0008A,37.95665,-75.432417,PH,Fair,Fair,Good,2A,2015,,
1AAUA000.34,VA15-0009C,38.38475,-77.314417,OH,Fair,Fair,Good,2A,2015,,
7BMES000.65,VA15-0010A,37.899683,-75.710667,PH,Poor,Good,Good,2A,2015,,
7BGWR000.26,VA15-0011A,37.827383,-76.298683,MH,Good,Fair,Fair,3B,2015,,
2CCHK004.85,VA15-0012A,37.29365,-76.864017,TF,Poor,Fair,Good,2A,2015,,
1APOM001.99,VA15-0013A,38.34395,-77.322467,TF,Poor,Fair,Good,2A,2015,,
7BGWR005.13,VA15-0014A,37.8512,-76.368867,MH,Fair,Fair,Good,3B,2015,,
7BSTT003.07,VA15-0015A,37.462367,-76.312767,MH,Fair,Fair,Fair,3B,2015,,
2CSBE003.81,VA15-0016B,36.797367,-76.29355,PH,Fair,Poor,Fair,3B,2015,,
1AWES000.78,VA15-0017A,38.02825,-76.562183,MH,Fair,Fair,Poor,5A,2015,,
2CCHK023.57,VA15-0018A,37.400767,-76.9366,TF,Fair,Good,Good,2A,2015,,
7BWAR003.39,VA15-0019A,37.382717,-76.462639,PH,Fair,Fair,Good,2A,2015,,
7BDEY000.13,VA15-0020A,36.893667,-76.042817,PH,Fair,Fair,Fair,3B,2015,,
1AELL000.01,VA15-0021A,37.8908,-76.264933,MH,Fair,Fair,Good,2A,2015,,
7BCSX000.75,VA15-0022A,37.750883,-75.803983,PH,Good,Good,Fair,3B,2015,,
2CNAN010.17,VA15-0023C,36.812183,-76.557417,MH,Fair,Fair,Good,3B,2015,,
7BSWB000.95,VA15-0024A,37.083417,-76.334267,PH,Fair,Fair,Fair,3B,2015,,
1AOCC005.16,VA15-0025A,38.671217,-77.2448,TF,Fair,Fair,Good,2A,2015,,
3-CTM000.38,VA15-0026A,37.703583,-76.467483,MH,Fair,Fair,Poor,5A,2015,,
7ACHE049.56,VA15-0027A,37.764617,-76.29925,PH,Good,Good,Fair,3B,2015,,
2CWWK002.21,VA15-0028B,37.092483,-76.555467,MH,Fair,Fair,Fair,3B,2015,,
2CMOC001.95,VA15-1499,37.2931,-76.893183,TF,Fair,Fair,Good,2A,2015,Duplicate,
7BPKS000.40,VA15-1500,37.9426,-75.6426,MH,Poor,Fair,Good,2A,2015,Duplicate,
7ACHE023.85,VA15-1501,37.381933,-76.010567,PH,Good,Good,Good,2A,2015,,
7ACHE040.39,VA15-1503,37.62515,-76.206967,PH,Fair,Fair,Good,2A,2015,,
7ACHE044.14,VA15-1504,37.678733,-76.262717,PH,Fair,Fair,Fair,3B,2015,,
7BLYN001.96,VA15-1506,36.89076,-76.07047,PH,Fair,Fair,Good,2A,2015,,
7ACHE026.06,VA15-1508,37.397417,-76.16535,PH,Fair,Fair,Poor,3B,2015,,
2CWLY002.23,VA15-1510,36.95511,-76.27319,PH,Fair,Good,Good,2A,2015,,
7ACHE040.04,VA15-1515,37.6203,-76.079633,PH,Good,Fair,Good,2A,2015,,
2CSBE005.84,VA15-1516,36.769166,-76.296466,PH,Fair,Poor,Good,3B,2015,,
3-RPP005.00,VA15-1521,37.5799,-76.3859,MH,Fair,Good,Good,2A,2015,,
3-RPP034.21,VA15-2192,37.840317,-76.7295,MH,Fair,Good,Fair,2A,2015,,
7ACHE015.34,VA15-2193,37.0657,-76.211517,PH,Fair,Good,Good,2A,2015,,
7ACHE036.62,VA15-2195,37.57035,-76.283567,MH,Fair,Good,Good,2A,2015,,
7ACHE010.53,VA15-2197,36.948966,-76.13235,PH,Good,Fair,Good,2A,2015,,
7ACHE074.68,VA15-2199,37.88993,-75.78006,PH,Fair,Good,Good,2A,2015,,
7BNSS001.03,VA15-2205,37.47519,-75.95135,MH,Good,Good,Good,2A,2015,,
7ACHE020.47,VA15-2207,37.19725,-76.205267,UH,Good,Good,Good,2A,2015,,
8-PMK007.11,VA15-2208,37.5323,-76.877817,TF,Fair,Fair,Good,2A,2015,,
3-CRR001.24,VA15-2213,37.664,-76.475183,MH,Fair,Good,Good,2A,2015,,
7ACHE033.76,VA15-2217,37.528817,-76.2827,PH,Good,Good,Good,2A,2015,,
7CCHT005.62,VA15-2239,38.002572,-75.336547,UH,Fair,Good,Good,2A,2015,,
2-WLY002.03,VA16-001A,36.953139,-76.276972,PH,Fair,Poor,Poor,5A,2016,,
5BSHB002.03,VA16-002B,36.675433,-75.972783,OH,Fair,Good,Good,2A,2016,,
2CJMS035.89,VA16-003B,37.214467,-76.709817,OH,Fair,Good,Good,2A,2016,,
7-CHT000.44,VA16-004A,37.9497,-75.406933,UH,Fair,Good,Good,2A,2016,,
7-CHE047.16,VA16-005A,37.728933,-75.8447,PH,Fair,Good,Fair,3B,2016,,
7-BTB001.74,VA16-006A,37.62275,-75.677222,UH,Good,Good,Fair,3B,2016,,
7-MAC001.25,VA16-007C,37.480083,-75.806667,UH,Poor,Good,Good,2A,2016,,
7BEDW000.25,VA16-008B,37.495483,-76.293783,MH,Fair,Poor,Poor,5A,2016,,
2-ELI003.98,VA16-009A,36.874633,-76.331583,PH,Fair,Poor,Good,2A,2016,,
3-RPP025.98,VA16-010A,37.75015,-76.634667,MH,Good,Good,Good,3B,2016,,
2-JMS025.74,VA16-011A,37.062889,-76.669306,MH,Fair,Good,Good,2A,2016,,
8-YRK016.88 ,VA16-012A,37.353119,-76.633119,PH,Poor,Fair,Fair,3B,2016,,
5BBKY002.64,VA16-013A,36.583694,-75.896361,OH,Poor,Good,Good,2A,2016,,
3-RPP011.58,VA16-014A,37.617153,-76.476606,MH,Fair,Fair,Good,2A,2016,,
2-JMS049.00,VA16-015A,37.218222,-76.895019,OH,Fair,Fair,Fair,3B,2016,,
2-JMS015.70,VA16-016A,37.024361,-76.497361,PH,Fair,Missing,Missing,Missing,2016,,
2-JMS002.14,VA16-017A,36.999117,-76.341917,PH,Fair,Fair,Good,2B,2016,,
7-LPT000.53,VA16-018A,37.137,-75.937778,UH,Fair,Good,Good,2A,2016,,
3-RPP031.93,VA16-019B,37.815617,-76.714933,MH,Fair,Fair,Fair,3B,2016,,
5BBKY004.92,VA16-020C,36.59638,-75.96525,OH,Fair,Fair,Good,2B,2016,,
7BNOR001.26,VA16-021B,37.39595,-76.40215,PH,Fair,Fair,Fair,3B,2016,,
7-CHN001.33,VA16-022B,37.891278,-75.405361,UH,Fair,Good,Good,3B,2016,,
3-RPP040.89,VA16-024A,37.913839,-76.799619,OH,Fair,Good,Fair,3B,2016,,
5BSHB001.03,VA16-025A,36.698833,-75.937528,MH,Fair,Good,Good,2A,2016,,
3-RPP014.38,VA16-026A,37.634667,-76.522183,PH,Fair,Fair,Poor,3B,2016,,
2CJMS036.83,VA16-027A,37.1819,-76.6958,MH,Fair,Good,Very Poor,3B,2016,,
8-YRK004.79,VA16-028A,37.23017,-76.49225,PH,Fair,Fair,Good,3B,2016,,
5BBKY005.00,VA16-029A,36.589028,-75.977917,OH,Fair,Good,Good,2A,2016,,
7-QUE001.23,VA16-030A,37.486533,-76.34645,MH,Fair,Fair,Poor,3B,2016,,
2CCHK002.40,VA16-031A,37.266467,-76.881002,TF,Poor,Fair,Poor,5A,2016,,
2-WWK003.20,VA16-032A,37.113361,-76.565667,MH,Poor,Fair,Poor,5A,2016,,
2-JMS087.11,VA16-033A,37.358401,-77.304055,TF,Fair,Fair,Fair,3B,2016,,
3-RPP006.18,VA16-034D,37.624717,-76.38485,MH,Good,Good,Good,2A,2016,,
2-PGN000.76,VA16-035A,37.004833,-76.581861,MH,Fair,Fair,Poor,3B,2016,,
8-YRK021.16,VA16-036A,37.402396,-76.675633,PH,Poor,Fair,Fair,3B,2016,,
5BAAC000.49,VA16-037A,36.721639,-76.10675,OH,Poor,Fair,Poor,3B,2016,,
3-RPP019.80,VA16-038A,37.703264,-76.553583,MH,Fair,Fair,Fair,3B,2016,,
2DAPP001.91,VA16-039A,37.310667,-77.303783,TF,Poor,Poor,Good,2A,2016,,
7-NWB000.34,VA16-040A,37.0939,-76.346683,PH,Fair,Poor,Poor,5A,2016,,
2-DEC000.58,VA16-041A,36.761611,-76.306778,PH,Fair,Poor,Very Poor,5A,2016,,
7-MJB004.00,VA16-042A,37.339483,-76.33525,PH,Fair,Good,Good,2A,2016,,
7-PNK001.26,VA16-043A,37.52243,-76.30998,MH,Fair,Fair,Good,2A,2016,,
7-CHT007.11,VA16-044A,38.012,-75.311556,UH,Fair,Good,Good,2A,2016,,
7-MET001.11,VA16-046C,37.698611,-75.610833,UH,Fair,Good,Fair,3B,2016,,
7-RAM003.01,VA16-047A,37.330556,-75.890556,UH,Fair,Good,Good,2A,2016,,
3-RPP060.63,VA16-048A,38.1079,-77.003267,TF,Poor,Fair,Good,2A,2016,,
2-JMS012.79,VA16-049A,36.981806,-76.478528,PH,Fair,Fair,Fair,3B,2016,,
2CJMS004.29,VA16-050B,36.987222,-76.380417,PH,Fair,Good,Good,2A,2016,,
7CASC004.75,VA17-0001A,37.9324,-75.33485,EH,Fair,Fair,Good,2A,2017,,
7CCHT000.95,VA17-0002A,37.96002,-75.40828,PH,Poor,Good,Fair,3B,2017,,
7CGMI002.56,VA17-0003C,37.37627,-75.76268,EH,Fair,Good,Poor,3B,2017,,
5BNTH000.60,VA17-0004A,36.70843,-75.95518,OH,Fair,Fair,Good,2A,2017,,
7CCHT005.31,VA17-0005A,38.00783,-75.35402,PH,Fair,Fair,Good,2A,2017,,
5BBKY005.18,VA17-0006B,36.59977,-75.97148,OH,Poor,Good,Good,2A,2017,,
7CMAC002.45,VA17-0007A,37.4922,-75.79265,PH,Fair,Fair,Poor,5A,2017,,
5BBKY000.93,VA17-0008A,36.55955,-75.91375,OH,Fair,Good,Poor,3B,2017,,
7CCHN002.06,VA17-0009A,37.89997,-75.42025,EH,Good,Good,Poor,3B,2017,,
7CSWH003.13,VA17-0010A,37.51922,-75.66538,EH,Fair,Good,Fair,3B,2017,,
7CRMN000.95,VA17-0011A,37.30363,-75.90402,EH,Fair,Fair,Good,2B,2017,,
5BBKY008.42,VA17-0012A,36.639,-75.95573,OH,Fair,Good,Good,2A,2017,Duplicate,
7CCHT003.18,VA17-0013A,37.97235,-75.36442,PH,Fair,Fair,Good,2A,2017,,
7CCHT002.45,VA17-0014B,37.98153,-75.40552,PH,Good,Fair,Good,2B,2017,,
7CMAG001.90,VA17-0015A,37.14255,-75.9206,EH,Fair,Good,Good,2A,2017,,
1APOW000.25,VA17-0016A,38.5693,-77.2578,TF,Poor,Fair,Good,3B,2017,,
8-MPN022.08,VA17-0017A,37.69443,-76.92145,TF,Fair,Fair,Fair,3B,2017,,
7BPNK008.98,VA17-0018A,37.51487,-76.41583,MH,Fair,Good,Good,2A,2017,,
2CMIG001.55,VA17-0019A,37.02097,-76.30035,PH,Fair,Good,Poor,3B,2017,,
1APOH000.31,VA17-0020A,38.66193,-77.14026,TF,Fair,Fair,Good,3B,2017,Duplicate,
1AWES001.28,VA17-0021A,38.02678,-76.5736,MH,Good,Fair,Very Poor,5A,2017,Duplicate,
7BPNK001.97,VA17-0022A,37.51547,-76.32053,MH,Fair,Good,Fair,3B,2017,,
7BBBY001.92,VA17-0023B,36.90335,-76.05205,PH,Fair,Good,Good,2A,2017,,
8-PTK001.36,VA17-0024A,37.44995,-76.69315,MH,Poor,Fair,Good,3B,2017,,
7AINN000.11,VA17-0025A,37.8042,-76.28733,MH,Fair,Fair,Fair,3B,2017,,
7BNOR005.66,VA17-0026A,37.43112,-76.45113,PH,Fair,Fair,Fair,3B,2017,,
2CYAA000.13 ,VA17-0027A,36.91237,-76.31427,PH,Poor,Good,Fair,3B,2017,,
3-HRY000.07,VA17-0028A,37.71598,-76.59825,MH,Fair,Good,Poor,3B,2017,,
7BCSX000.28,VA17-0029A,37.75528,-75.80068,MH,Good,Good,Good,2A,2017,,
7BPKS000.11,VA17-0030A,37.94288,-75.64968,OH,Fair,Fair,Good,2A,2017,,
2CTFR001.16,VA17-0031B,37.21135,-76.74998,MH,Fair,Poor,Fair,3B,2017,,
1APOM000.11,VA17-0032A,38.34462,-77.28945,OH,Poor,Good,Good,2A,2017,,
1APOP000.53,VA17-0033A,38.18648,-76.91377,MH,Fair,Fair,Poor,3B,2017,,
7BMLF004.09,VA17-0034A,37.50223,-76.32158,MH,Good,Fair,Very Poor,5A,2017,,
7BBAK001.10,VA17-0035A,37.10605,-76.308,PH,Fair,Good,Poor,3B,2017,Duplicate,
1AOCC001.19  ,VA17-0036A,38.62612,-77.23677,TF,Fair,Poor,Good,3B,2017,Duplicate,
1ACOA002.87,VA17-0037A,37.96685,-76.41695,MH,Fair,Fair,Very Poor,5A,2017,,
7BWAR001.73,VA17-0038A,37.37873,-76.43042,PH,Fair,Good,Good,2A,2017,,
7BLKN002.36,VA17-0039B,36.864,-76.01343,PH,Fair,Good,Fair,3B,2017,,
8-PMK002.60,VA17-0040A,37.5517,-76.82408,MH,Poor,Fair,Poor,5A,2017,,
7BGWR001.56,VA17-0041A,37.83512,-76.32125,MH,Good,Good,Good,2A,2017,Duplicate,
7BGLF000.67,VA17-0042A,37.83903,-75.68377,MH,Good,Good,Good,2A,2017,,
2CELI003.22,VA17-0043B,36.88768,-76.31887,PH,Poor,Good,Poor,3B,2017,,
3-MYE000.47 ,VA17-0044A,37.68615,-76.48312,MH,Fair,Fair,Good,3B,2017,,
7BPUN000.30,VA17-0045A,37.67123,-75.8608,PH,Good,Good,Fair,3B,2017,,
1ASHR000.24,VA17-0046A,37.88437,-76.2604,MH,Fair,Fair,Fair,3B,2017,,
2CGOR004.54,VA17-0047A,37.28725,-76.8358,TF,Fair,Fair,Good,3B,2017,,
1AQUA000.85,VA17-0048B,38.53415,-77.28752,TF,Fair,Fair,Good,2A,2017,,
1ACRB001.66,VA17-0049A,38.1537,-76.75538,MH,Fair,Fair,Poor,3B,2017,,
7BPNK006.23  ,VA17-0050A,37.5264,-76.38392,MH,Good,Fair,Poor,3B,2017,,
7-SMI000.96,VA18-0001A,37.11367,-75.92333,EH,Fair,Good,Very Poor,3B,2018,,
7-MAG003.03,VA18-0002A,37.16575,-75.92337,EH,Fair,Good,Good,2A,2018,,
7-CHI000.27,VA18-0003A,37.90487,-75.42587,EH,Fair,Good,Fair,3B,2018,,
7-CHT006.78,VA18-0004A,37.99627,-75.30715,PH,Fair,Good,Good,2A,2018,,
7-EKC000.10,VA18-0005B,37.309,-75.81417,EH,Fair,Good,Fair,3B,2018,,
7-MAG003.58,VA18-0006A,37.1718,-75.91825,EH,Fair,Fair,Good,2A,2018,,
7-CHT005.28,VA18-0007A,37.98667,-75.33133,PH,Fair,Fair,Good,3B,2018,,
5BBKY002.04,VA18-0008A,37.52368,-76.80138,OH,Fair,Good,Fair,3B,2018,,
7-GMA007.17,VA18-0009A,37.4617,-75.78367,PH,Fair,Fair,Good,2A,2018,,
7-CHN000.44,VA18-0010C,37.88058,-75.4068,EH,Fair,Fair,Fair,3B,2018,,
7-CHT001.12,VA18-0011A,37.95978,-75.4336,EH,Fair,Poor,Poor,5A,2018,,
5BBKY004.16,VA18-0012A,36.5798,-75.9094,OH,Fair,Good,Good,2A,2018,,
7-SSC003.90,VA18-0013B,37.29525,-75.8507,EH,Fair,Good,Good,2A,2018,,
7-LGB001.30,VA18-0014A,37.67477,-75.61207,PH,Fair,Fair,Fair,3B,2018,,
7-CHT003.83,VA18-0015A,37.9965,-75.38043,EH,Fair,Fair,Good,3B,2018,Duplicate,
2CCHK002.10,VA18-0016A,37.26165,-76.87732,TF,Fair,Fair,Good,3B,2018,,
7-BAK002.15,VA18-0017A,37.10535,-76.3338,MH,Fair,Good,Good,2A,2018,,
1ALIS005.38,VA18-0018A,36.8902,-76.33335,MH,Poor,Good,Fair,3B,2018,,
7-NOR002.89,VA18-0019A,37.41445,-76.41338,MH,Fair,Good,Good,2A,2018,,
8-CTR001.06,VA18-0020A,37.32635,-76.57233,MH,Fair,Fair,Poor,5A,2018,,
1AOCC000.77,VA18-0021A,38.61737,-77.21597,TF,Fair,Fair,Good,2A,2018,,
7-PKS016.00,VA18-0022B,37.7935,-75.74483,MH,Good,Fair,Good,2B,2018,,
7-PMC000.00,VA18-0023A,37.76933,-75.80447,PH,Fair,Fair,Good,2B,2018,,
2CNAN000.66,VA18-0024A,36.90743,-76.47373,PH,Fair,Good,Very Poor,3B,2018,,
8-PMK000.06,VA18-0025A,37.52368,-76.80138,OH,Fair,Good,Poor,3B,2018,,
7-ASH000.46,VA18-0026A,37.6606,-76.34577,MH,Good,Good,Fair,3B,2018,,
1AYEO000.25,VA18-0027A,38.04327,-76.52453,MH,Good,Fair,Poor,3B,2018,,
7-WES000.95,VA18-0028A,36.8865,-76.1125,PH,Fair,Fair,Fair,3B,2018,,
3-HLS000.60,VA18-0029A,37.71445,-76.46798,MH,Fair,Good,Fair,3B,2018,,
7-MLF004.45,VA18-0030A,37.5017,-76.32503,MH,Fair,Good,Good,2A,2018,,
1AMAO000.52,VA18-0031A,38.21035,-76.9668,OH,Poor,Fair,Poor,3B,2018,,
2CXAC000.20,VA18-0032A,37.36075,-76.90702,TF,Poor,Fair,Fair,3B,2018,,
7-SWB000.34,VA18-0033A,37.08743,-76.33532,MH,Fair,Fair,Poor,3B,2018,Duplicate,
7-PKS001.75,VA18-0034A,37.94718,-75.68115,MH,Fair,Fair,Poor,5A,2018,,
7-EST001.32,VA18-0035A,37.38523,-76.33503,MH,Good,Fair,Good,2B,2018,,
2CMIG000.85 ,VA18-0036A,37.01638,-76.311,PH,Fair,Fair,Fair,3B,2018,,
1APOH002.38,VA18-0037A,38.68323,-77.16945,TF,Poor,Fair,Fair,3B,2018,Duplicate,
7-COC002.14,VA18-0038A,37.84358,-76.28252,MH,Good,Fair,Very Poor,5A,2018,Duplicate,
7-PUN001.60,VA18-0039A,37.66867,-75.83367,MH,Good,Good,Good,2A,2018,,
2CEBE002.40,VA18-0040F,36.83927,-76.25082,MH,Fair,Poor,Fair,3B,2018,,
8-PMK034.37,VA18-0041A,37.58123,-77.017,TF,Fair,Fair,Good,2B,2018,Duplicate,
7-BRS000.60,VA18-0042A,37.695,-76.31233,MH,Fair,Fair,Poor,3B,2018,,
1AKIN000.10,VA18-0043A,37.99618,-76.46968,MH,Good,Good,Fair,3B,2018,,
7-NWB002.18  ,VA18-0044A,37.11217,-76.36835,MH,Fair,Fair,Poor,3B,2018,,
3-MUB001.45,VA18-0045A,37.78645,-76.59687,MH,Fair,Fair,Poor,3B,2018,,
7-STT000.45,VA18-0046A,37.45972,-76.26973,MH,Fair,Good,Fair,3B,2018,,
1AROS000.27,VA18-0047A,38.27607,-77.00163,OH,Fair,Fair,Fair,3B,2018,,
2CUCK005.21,VA18-0048A,37.20767,-77.01888,TF,Fair,Fair,Good,3B,2018,,
5BNLR000.97,VA18-0049A,36.56137,-76.03748,OH,Fair,Fair,Good,2A,2018,,
7-CTC002.49,VA18-0050A,37.88237,-75.69845,MH,Fair,Good,Fair,3B,2018,,
5BBKY003.63,VA19-0001B,36.59119444,-75.93758333,OH,,,,,2019,,
7-CHT007.33,VA19-0002A,38.0055,-75.29927778,PH,,,,,2019,,
7-CHT003.03,VA19-0003A,37.98719444,-75.40433333,EH,,,,,2019,,
7-MAG005.60,VA19-0004B,37.20005556,-75.91008333,EH,,,,,2019,,
5BBKY005.52,VA19-0005A,36.60633333,-75.97491667,OH,,,,,2019,,
7-CHT005.08,VA19-0006A,37.9885,-75.35227778,EH,,,,,2019,,
7-MAG002.87,VA19-0007D,37.15327778,-75.93008333,PH,,,,,2019,,
7-MAG005.52,VA19-0008A,37.19916667,-75.92666667,EH,,,,,2019,,
5BBKY005.60,VA19-0009A,36.64225,-75.93636111,OH,,,,,2019,,
7CWNA001.07,VA19-0010C,37.9399,-75.400061,EH,,,,,2019,,
7-WAI002.13,VA19-0011A,37.5945,-75.62691667,EH,,,,,2019,,
7-GMA000.39,VA19-0012A,37.38401111,-75.75446944,PH,,,,,2019,,
5BBKY005.75,VA19-0013A,36.60980556,-75.97975,OH,,,,,2019,,
7-CHT005.14,VA19-0014A,37.98922222,-75.37355556,EH,,,,,2019,,
7-SMI000.40,VA19-0015A,37.10533333,-75.92958333,EH,,,,,2019,,
5BNLR001.25,VA19-0016A,36.56841667,-76.02458333,OH,,,,,2019,,
2-CLG001.77,VA19-0017A,37.22911111,-76.70544444,LM,,,,,2019,,
8-MPN020.73,VA19-0018A,37.68291667,-76.91511111,TF,,,,,2019,,
7BINN001.85,VA19-0019A,37.81411111,-76.30452778,HM,,,,,2019,,
2CDPT000.15,VA19-0020A,36.83,-76.39822222,PH,,,,,2019,,
1AOCC000.01,VA19-0021A,38.60411111,-77.22786111,TF,,,,,2019,,
3-LAN006.35,VA19-0022A,37.82194444,-76.58488889,OH,,,,,2019,,
7-NAN001.09,VA19-0023A,37.61691667,-75.88497222,PH,,,,,2019,,
7-CHS001.88,VA19-0024B,37.18097222,-76.43455556,PH,,,,,2019,,
1AUMC003.09,VA19-0025A,38.30266667,-77.06258333,LM,,,,,2019,,
1AGLE001.56,VA19-0026A,37.98408333,-76.50055556,HM,,,,,2019,,
7-OLD000.56,VA19-0027A,37.35380556,-76.44505556,PH,,,,,2019,,
7-LYN001.50,VA19-0028C,36.89211111,-76.07883333,PH,,,,,2019,,
7-DEP000.24,VA19-0029A,37.78830556,-75.74988889,HM,,,,,2019,,
1AMAO000.07,VA19-0030A,38.20861111,-76.95569444,LM,,,,,2019,,
7-MLF004.23,VA19-0031A,37.50130556,-76.31483333,HM,,,,,2019,,
5BNLR009.68,VA19-0032A,36.67013889,-76.06422222,OH,,,,,2019,,
2CRIC000.14,VA19-0033B,36.93497222,-76.49111111,HM,,,,,2019,,
7-GWR008.41,VA19-0034A,37.87116667,-76.41236111,HM,,,,,2019,,
7-GWR001.68,VA19-0035A,37.83788889,-76.31708333,HM,,,,,2019,,
2CNAN010.55,VA19-0036B,36.80752778,-76.55975,LM,,,,,2019,,
1AOCC001.69,VA19-0037A,38.63225,-77.236,TF,,,,,2019,,
8-PMK009.34,VA19-0038A,37.5595,-76.85783333,OH,,,,,2019,,
7-MLF000.52,VA19-0039A,37.48205556,-76.27244444,HM,,,,,2019,,
7-BEN000.68,VA19-0040A,37.15266667,-76.37425,PH,,,,,2019,,
1ABRI000.43,VA19-0041A,37.87975,-76.27494444,HM,,,,,2019,,
1ASHA001.18,VA19-0042A,38.057,-76.55936111,HM,,,,,2019,,
7-WAR000.00,VA19-0043A,37.35788889,-76.40786111,PH,,,,,2019,,
7-LKN002.22,VA19-0044B,36.86594444,-76.01294444,PH,,,,,2019,,
7-MUD000.20,VA19-0045B,37.8525,-75.67166667,PH,,,,,2019,,
3-DUN000.08,VA19-0046A,37.65805556,-76.4045,HM,,,,,2019,,
7-PNK003.72,VA19-0047A,37.54161111,-76.33758333,HM,,,,,2019,,
2CKMK000.05,VA19-0048A,36.89008333,-76.29194444,PH,,,,,2019,,
2DAPP005.53,VA19-0049B,37.29886111,-77.35502778,TF,,,,,2019,,
3-CRR000.40,VA19-0050A,37.65133333,-76.49455556,HM,,,,,2019,,
7ACHE023.85,NCA20_VA-10001,37.381493,-76.010076,,,,,,2020,,
7ACHE040.39,NCA20_VA-10003,37.625196,-76.206706,,,,,,2020,,
7ACHE044.14,NCA20_VA-10004,37.678774,-76.261711,,,,,,2020,,
7ACHE026.06,NCA20_VA-10005,37.398646,-76.166005,,,,,,2020,,
7ACHE040.04,NCA20_VA-10007,37.620313,-76.079036,,,,,,2020,,
7ACHE004.29,NCA20_VA-10011,37.037108,-76.144344,,,,,,2020,,
7ACHE055.97,NCA20_VA-10014,37.773631,-75.976143,,,,,,2020,,
7ACHE047.42,NCA20_VA-10015,37.654055,-76.271687,,,,,,2020,,
7ACHE055.60,NCA20_VA-10016,37.779611,-76.187791,,,,,,2020,,
7ACHE013.48,NCA20_VA-10017,37.170076,-76.145618,,,,,,2020,,
7ACHE023.47,NCA20_VA-10018,37.241557,-76.380258,,,,,,2020,,
7ACHE049.49,NCA20_VA-10019,37.691041,-76.101329,,,,,,2020,,
7BMJB002.38,NCA20_VA-10027,37.298754,-76.348742,,,,,,2020,,
2CMOC001.95,NCA20_VA-10002,37.292998,-76.893119,,,,,,2020,,
2CWLY002.23,NCA20_VA-10006,36.954903,-76.273423,,,,,,2020,,
7BPKS000.40,NCA20_VA-10008,37.942624,-75.642629,,,,,,2020,,
7BLYN001.96,NCA20_VA-10009,36.89073,-76.070742,,,,,,2020,,
2CSBE005.84,NCA20_VA-10010,36.769026,-76.296675,,,,,,2020,,
2CJMS009.67,NCA20_VA-10012,36.911943,-76.439357,,,,,,2020,,
5BNTH000.17,NCA20_VA-10020,36.721574,-75.943739,,,,,,2020,,
3-RPP083.20,NCA20_VA-10021,38.199611,-77.225939,,,,,,2020,,
7-MJB004.03,NCA20_VA-10022,37.349372,-76.331471,,,,,,2020,,
7BLKN002.50,NCA20_VA-10023,36.862324,-76.012038,,,,,,2020,,
7BCSX001.71,NCA20_VA-10024,37.755482,-75.775374,,,,,,2020,,
3-RPP054.42,NCA20_VA-10025,38.06556,-76.926502,,,,,,2020,,
7BCIB000.76,NCA20_VA-10026,37.656732,-75.624814,,,,,,2020,,
7BCCR000.74,NCA20_VA-10028,37.46274,-75.936357,,,,,,2020,,
7BPKS001.58,NCA20_VA-10029,37.940687,-75.675845,,,,,,2020,,
3-RPP001.36,NCA20_VA-10031,-76.31497935,37.56491472,,,,,,2020,,
7CMAG005.54,VA20-0001B,37.194836,-75.917494,,,,,,2020,,
7CXFI000.14,VA20-0002A,37.45633173,-75.73003385,,,,,,2020,,
7CSHB000.32,VA20-0003A,37.93032708,-75.42521224,,,,,,2020,,
7CLGB001.61,VA20-0004A,37.67278295,-75.61695442,,,,,,2020,,
7CSIB000.28,VA20-0005A,37.13543394,-75.9078573,,,,,,2020,,
7CGMA001.25,VA20-0006A,37.44610147,-75.77213575,,,,,,2020,,
7BBAK001.94,VA20-0008A,37.10393881,-76.31875556,,,,,,2020,,
7BEBL001.42,VA20-0015A,36.87029998,-76.07086983,,,,,,2020,,
7BPKS003.02,VA20-0018A,37.94425421,-75.70444072,,,,,,2020,,
2CWBE002.50,VA20-0019A,36.83774004,-76.36649348,,,,,,2020,,
7BCSX000.62,VA20-0020A,37.76354142,-75.79666717,,,,,,2020,,
2-XQW001.18,VA20-0007A,37.36155958,-77.38662383,,,,,,2020,,
7-BAR000.87,VA20-0009A,37.8366081,-76.34525342,,,,,,2020,,
8-PTK001.97,VA20-0010A,37.44986379,-76.68594143,,,,,,2020,,
8-CTR000.80,VA20-0011A,37.32331,-76.5752,,,,,,2020,,
1AGLB000.60,VA20-0012A,38.12366776,-76.65110358,,,,,,2020,,
7-EST003.82,VA20-0013A,37.41766692,-76.34816011,,,,,,2020,,
3-CTO000.13,VA20-0014A,37.69835,-76.4819,,,,,,2020,,
1ACRB001.52,VA20-0016A,38.15538505,-76.74935124,,,,,,2020,,
7-XFH000.08,VA20-0017A,37.48855885,-76.33078154,,,,,,2020,,
2-DSC003.19,VA20-0021A,37.39991694,-76.89407276,,,,,,2020,,
1AQUA001.09,VA01-0028A,38.54044444,-77.28555556,TF,,,,2A,2015,,PRESS?
2CCHK019.81,VA12-032A,37.39478333,-76.91898333,,,,,2B,2013,,SpecialStudy?
1APOM001.96,VA12-037C,38.34203,-77.31985,,,,,3B,2013,,SpecialStudy?
